,start,end,probability
0,1.0,89000.0,0.9999940528911688
1,100001.0,135000.0,0.9937928382123643
2,145001.0,160000.0,0.9633040125692653
3,180001.0,630000.0,0.9833769910975004
4,640001.0,938000.0,0.9875595725641136
5,951001.0,3785000.0,0.9999934822048562
6,3785001.0,4220000.0,0.9838800176692748
