,id,start,end,probability
0,NC_002620.2,1.0,39000.0,0.9591354048217994
1,NC_000964.3,1.0,30000.0,0.9999930385485697
