,id,start,end,probability
0,NC_002620.2,1.0,39000.0,0.9591360946904172
1,NC_000964.3,1.0,30000.0,0.999993039144351
