,accession,start,end,probability
0,NC_002620.2,1.0,132000.0,0.96608
1,NC_002620.2,133001.0,152000.0,0.80924
2,NC_002620.2,160001.0,828000.0,0.97533
3,NC_002620.2,829001.0,1076000.0,0.85765
